{"cameraMode":{"drawMode":0,"name":"Shaded","section":"Shading Mode"},"sceneLighting":true,"audioPlay":false,"sceneViewState":{"m_AlwaysRefresh":false,"showFog":true,"showSkybox":true,"showFlares":true,"showImageEffects":true,"showParticleSystems":true,"showVisualEffectGraphs":true,"m_FxEnabled":true},"in2DMode":false,"pivot":{"x":-0.7629489302635193,"y":-3.170550584793091,"z":-15.08887004852295},"rotation":{"x":0.13448236882686616,"y":-0.03982800990343094,"z":0.005410629790276289,"w":0.9901076555252075},"size":19.78944206237793,"orthographic":false}